{
  "stratified_compartments": [
    "S_group0",
    "S_group1",
    "S_group2",
    "I_group0",
    "I_group1",
    "I_group2",
    "P_group0",
    "P_group1",
    "P_group2",
    "D_group0",
    "D_group1",
    "D_group2",
    "E_group0",
    "E_group1",
    "E_group2",
    "R_group0",
    "R_group1",
    "R_group2",
    "Q_group0",
    "Q_group1",
    "Q_group2",
    "W_group0",
    "W_group1",
    "W_group2",
    "H_group0",
    "H_group1",
    "H_group2",
    "A_group0",
    "A_group1",
    "A_group2"
  ],
  "base_compartments": [
    "S",
    "I",
    "P",
    "D",
    "E",
    "R",
    "Q",
    "W",
    "H",
    "A"
  ],
  "num_groups": 3,
  "group_names": [
    "group_0",
    "group_1",
    "group_2"
  ],
  "group_fractions": [
    0.36216514227573837,
    0.43649769323276777,
    0.20133716449149386
  ],
  "mixing_matrix": [
    [
      0.67481246016006,
      0.17622985306671676,
      0.14895768677322316
    ],
    [
      0.16712881659594628,
      0.6399631272917972,
      0.19290805611225642
    ],
    [
      0.14501571676082609,
      0.198029850681225,
      0.6569544325579488
    ]
  ],
  "R0_dominant_eigenvalue": 24.191756331588472,
  "time_unit": "weeks",
  "stratified_weekly": "      week    S_group0     S_group1    S_group2   I_group0    I_group1   I_group2  ...    H_group0    H_group1   H_group2  A_group0  A_group1  A_group2        R_t\n0      0.0  905.793823  1086.299072  500.671051   1.278431    1.302246   0.357894  ...    0.171127    0.000000   0.000000  0.908378  1.090967  0.503968  17.809800\n1      1.0  895.659607  1065.933960  495.514740   2.272089    5.867805   2.535416  ...    1.022498    1.734818   0.000000  0.812277  0.978453  0.451822  17.555055\n2      2.0  891.874146   990.822205  479.861023   4.388647   21.397251   6.087294  ...    0.000000    1.354530   0.225911  0.728862  0.881441  0.406180  16.879526\n3      3.0  867.125610   792.008606  432.111023  10.243143   74.576149  17.487331  ...    0.289442    3.769498   0.850241  0.659773  0.793711  0.365952  14.941110\n4      4.0  806.704895   408.442444  323.621796  26.652905  195.597412  48.442486  ...    2.102638   11.165359   2.617807  0.590770  0.714887  0.328343  10.993889\n..     ...         ...          ...         ...        ...         ...        ...  ...         ...         ...        ...       ...       ...       ...        ...\n246  246.0   62.369331    55.591785   56.484241   0.000000    0.438910   0.000000  ...  172.582718  210.995895  97.382195  0.000290  0.000555  0.000000   1.246342\n247  247.0   59.590176    56.311211   56.465652   0.609566    1.322531   0.000000  ...  172.778030  210.847488  97.482407  0.000286  0.001551  0.000000   1.231493\n248  248.0   62.464508    55.207069   56.090313   0.000000    0.000000   0.598004  ...  172.790863  210.351471  97.193054  0.001787  0.000695  0.000000   1.241459\n249  249.0   66.261795    52.522659   54.643654   0.000000    0.000000   0.109472  ...  173.398087  208.893982  97.287239  0.001783  0.000880  0.000000   1.239074\n250  250.0   57.885281    57.306541   56.730995   0.000000    0.025291   0.000000  ...  173.248978  210.210403  97.029182  0.002029  0.001833  0.000263   1.228320\n\n[251 rows x 32 columns]",
  "stratified_daily": "         day    S_group0     S_group1    S_group2  I_group0  I_group1  I_group2  ...    H_group0    H_group1   H_group2  A_group0  A_group1  A_group2        R_t\n0        0.0  905.793823  1086.299072  500.671051  1.278431  1.302246  0.357894  ...    0.171127    0.000000   0.000000  0.908378  1.090967  0.503968  17.809800\n1        1.0  904.346078  1083.389771  499.934435  1.420382  1.954469  0.668969  ...    0.292751    0.247831   0.000000  0.894650  1.074894  0.496519  17.773408\n2        2.0  902.898333  1080.480469  499.197819  1.562333  2.606691  0.980043  ...    0.414376    0.495662   0.000000  0.880921  1.058820  0.489069  17.737015\n3        3.0  901.450588  1077.571167  498.461203  1.704284  3.258914  1.291118  ...    0.536000    0.743494   0.000000  0.867192  1.042747  0.481620  17.700623\n4        4.0  900.002842  1074.661865  497.724588  1.846235  3.911137  1.602192  ...    0.657624    0.991325   0.000000  0.853463  1.026673  0.474170  17.664231\n...      ...         ...          ...         ...       ...       ...       ...  ...         ...         ...        ...       ...       ...       ...        ...\n1745  1745.0   63.868505    53.889483   55.240037  0.000000  0.007226  0.078194  ...  173.355484  209.270102  97.213509  0.001853  0.001152  0.000075   1.236002\n1746  1746.0   62.671860    54.572895   55.538229  0.000000  0.010839  0.062556  ...  173.334183  209.458163  97.176643  0.001888  0.001288  0.000113   1.234465\n1747  1747.0   61.475215    55.256306   55.836420  0.000000  0.014452  0.046917  ...  173.312881  209.646223  97.139778  0.001924  0.001424  0.000150   1.232929\n1748  1748.0   60.278570    55.939718   56.134612  0.000000  0.018065  0.031278  ...  173.291580  209.834283  97.102913  0.001959  0.001561  0.000188   1.231392\n1749  1749.0   59.081926    56.623130   56.432804  0.000000  0.021678  0.015639  ...  173.270279  210.022343  97.066048  0.001994  0.001697  0.000226   1.229856\n\n[1750 rows x 32 columns]",
  "mixing_type": "spatial",
  "group_0_name": "group_0",
  "group_0_population_fraction": 0.36216514227573837,
  "group_0_contact_rate": 0.35413022145987316,
  "group_0_susceptibility": 1.3033385374870976,
  "group_0_infectivity": 0.8725859663660164,
  "group_1_name": "group_1",
  "group_1_population_fraction": 0.43649769323276777,
  "group_1_contact_rate": 1.8531980501691903,
  "group_1_susceptibility": 1.2264593259208634,
  "group_1_infectivity": 0.8680507550683634,
  "group_2_name": "group_2",
  "group_2_population_fraction": 0.20133716449149386,
  "group_2_contact_rate": 0.8727574597459005,
  "group_2_susceptibility": 1.0129546456570422,
  "group_2_infectivity": 0.8293163112494747
}