{
  "stratified_compartments": [
    "S_group0",
    "S_group1",
    "S_group2",
    "S_group3",
    "I_group0",
    "I_group1",
    "I_group2",
    "I_group3",
    "D_group0",
    "D_group1",
    "D_group2",
    "D_group3",
    "H_group0",
    "H_group1",
    "H_group2",
    "H_group3",
    "C_group0",
    "C_group1",
    "C_group2",
    "C_group3",
    "Q_group0",
    "Q_group1",
    "Q_group2",
    "Q_group3",
    "E_group0",
    "E_group1",
    "E_group2",
    "E_group3",
    "R_group0",
    "R_group1",
    "R_group2",
    "R_group3"
  ],
  "base_compartments": [
    "S",
    "I",
    "D",
    "H",
    "C",
    "Q",
    "E",
    "R"
  ],
  "num_groups": 4,
  "group_names": [
    "group_0",
    "group_1",
    "group_2",
    "group_3"
  ],
  "group_fractions": [
    0.7787802540861145,
    0.15227056499981784,
    0.06058914734854583,
    0.008360033565521827
  ],
  "mixing_matrix": [
    [
      0.6776213025905456,
      0.11909395811109515,
      0.14313081539103575,
      0.06015392390732332
    ],
    [
      0.11870985631330562,
      0.6754358385697536,
      0.09429981517715683,
      0.11155448993978395
    ],
    [
      0.14406786134042368,
      0.09522429267446436,
      0.6820575401336402,
      0.07865030585147187
    ],
    [
      0.06483295630824254,
      0.12062070656939768,
      0.08421671852471406,
      0.7303296185976458
    ]
  ],
  "R0_dominant_eigenvalue": 11.82101653035026,
  "time_unit": "weeks",
  "stratified_weekly": "      week     S_group0    S_group1    S_group2   S_group3   I_group0   I_group1  ...   E_group2  E_group3     R_group0    R_group1    R_group2   R_group3       R_t\n0      0.0  3072.392822  611.764954  243.050644  33.127655   6.270471   0.000000  ...   1.412898  0.138365     0.000000    0.000000    2.006739   0.000000  8.242945\n1      1.0  3047.553467  600.606567  237.144180  31.987423   6.363266   1.726836  ...   1.119497  0.940184     0.000000    3.149262    0.000000   0.000000  8.153353\n2      2.0  3037.789062  596.575500  234.329590  30.123621  15.867667   2.469987  ...   3.791232  2.300761     6.982366    0.000000    0.983827   0.395562  8.114902\n3      3.0  2929.384521  583.047852  228.868393  25.640512  40.088291   6.464821  ...   6.530085  4.863618     1.779732    1.999120    0.055826   0.346360  7.840418\n4      4.0  2773.689697  561.311157  220.539581  18.574421  80.194893  11.935143  ...  14.014479  8.641294    19.926924    3.925786    3.763995   1.401082  7.439074\n..     ...          ...         ...         ...        ...        ...        ...  ...        ...       ...          ...         ...         ...        ...       ...\n246  246.0     3.310771    0.000000    0.415849   0.026835   4.445586   0.000000  ...   0.809848  0.070372  1881.911133  387.220764  159.490494  31.939463  0.007812\n247  247.0    40.393154    0.000000    2.048047   0.000000   8.017480   0.000000  ...   0.028530  0.000000  1816.302246  390.735260  158.496658  32.628647  0.088336\n248  248.0     0.000000    2.733088    0.075062   0.094071   0.000000   1.496502  ...   0.037721  0.011239  1831.373901  387.404816  158.310318  32.508541  0.006041\n249  249.0    22.831188    0.000000    3.988687   0.055569   0.000000   0.000000  ...   0.064274  0.014153  1837.698853  390.985016  158.305115  32.272369  0.055938\n250  250.0    15.542507    0.411815    1.225027   0.000000   1.155749   0.000000  ...   0.000000  0.132020  1839.113525  393.679077  159.873779  33.023991  0.035757\n\n[251 rows x 34 columns]",
  "stratified_daily": "         day     S_group0    S_group1    S_group2   S_group3  I_group0  I_group1  ...  E_group2  E_group3     R_group0    R_group1    R_group2   R_group3       R_t\n0        0.0  3072.392822  611.764954  243.050644  33.127655  6.270471  0.000000  ...  1.412898  0.138365     0.000000    0.000000    2.006739   0.000000  8.242945\n1        1.0  3068.844343  610.170898  242.206863  32.964765  6.283727  0.246691  ...  1.370983  0.252911     0.000000    0.449895    1.720062   0.000000  8.230146\n2        2.0  3065.295864  608.576843  241.363083  32.801874  6.296984  0.493382  ...  1.329069  0.367456     0.000000    0.899789    1.433385   0.000000  8.217347\n3        3.0  3061.747384  606.982788  240.519302  32.638984  6.310240  0.740073  ...  1.287155  0.482002     0.000000    1.349684    1.146708   0.000000  8.204549\n4        4.0  3058.198905  605.388733  239.675522  32.476094  6.323496  0.986763  ...  1.245240  0.596547     0.000000    1.799578    0.860031   0.000000  8.191750\n...      ...          ...         ...         ...        ...       ...       ...  ...       ...       ...          ...         ...         ...        ...       ...\n1745  1745.0    20.748708    0.117662    3.199070   0.039692  0.330214  0.000000  ...  0.045910  0.047830  1838.103045  391.754748  158.753305  32.487118  0.050172\n1746  1746.0    19.707468    0.176492    2.804261   0.031754  0.495321  0.000000  ...  0.036728  0.064668  1838.305141  392.139614  158.977400  32.594493  0.047289\n1747  1747.0    18.666228    0.235323    2.409453   0.023815  0.660428  0.000000  ...  0.027546  0.081506  1838.507237  392.524479  159.201494  32.701867  0.044406\n1748  1748.0    17.624987    0.294154    2.014644   0.015877  0.825535  0.000000  ...  0.018364  0.098344  1838.709333  392.909345  159.425589  32.809242  0.041523\n1749  1749.0    16.583747    0.352985    1.619836   0.007938  0.990642  0.000000  ...  0.009182  0.115182  1838.911429  393.294211  159.649684  32.916616  0.038640\n\n[1750 rows x 34 columns]",
  "mixing_type": "spatial",
  "group_0_name": "group_0",
  "group_0_population_fraction": 0.7787802540861145,
  "group_0_contact_rate": 1.802596234808913,
  "group_0_susceptibility": 1.035230255509892,
  "group_0_infectivity": 1.0870871629408643,
  "group_1_name": "group_1",
  "group_1_population_fraction": 0.15227056499981784,
  "group_1_contact_rate": 0.9325863528020188,
  "group_1_susceptibility": 0.8879707499987721,
  "group_1_infectivity": 0.8313505912564901,
  "group_2_name": "group_2",
  "group_2_population_fraction": 0.06058914734854583,
  "group_2_contact_rate": 0.39717066279580426,
  "group_2_susceptibility": 1.11495689980512,
  "group_2_infectivity": 1.0150145510022752,
  "group_3_name": "group_3",
  "group_3_population_fraction": 0.008360033565521827,
  "group_3_contact_rate": 0.5484366972247332,
  "group_3_susceptibility": 1.2247453735616889,
  "group_3_infectivity": 1.1663292774295653
}