{
  "stratified_compartments": [
    "S_group0",
    "S_group1",
    "S_group2",
    "S_group3",
    "I_group0",
    "I_group1",
    "I_group2",
    "I_group3",
    "P_group0",
    "P_group1",
    "P_group2",
    "P_group3"
  ],
  "base_compartments": [
    "S",
    "I",
    "P"
  ],
  "num_groups": 4,
  "group_names": [
    "group_0",
    "group_1",
    "group_2",
    "group_3"
  ],
  "group_fractions": [
    0.26164961874164655,
    0.16548993691884195,
    0.42313772007280703,
    0.1497227242667044
  ],
  "mixing_matrix": [
    [
      0.660837402125241,
      0.17177920520305945,
      0.10418935465672349,
      0.06319403801497601
    ],
    [
      0.15495354825897223,
      0.596108825631728,
      0.15495354825897223,
      0.09398407785032782
    ],
    [
      0.09398407785032781,
      0.1549535482589722,
      0.5961088256317278,
      0.1549535482589722
    ],
    [
      0.06319403801497601,
      0.10418935465672349,
      0.17177920520305945,
      0.660837402125241
    ]
  ],
  "R0_dominant_eigenvalue": 30.79372140913822,
  "time_unit": "weeks",
  "stratified_weekly": "      week     S_group0     S_group1     S_group2     S_group3     I_group0  ...     I_group3  P_group0  P_group1  P_group2  P_group3        R_t\n0      0.0   836.615906   272.123840  1369.974365   477.146271     0.000000  ...     0.000000       0.0       0.0       0.0       0.0  15.239380\n1      1.0   849.629211   412.904236  1377.906250   470.322968     0.000000  ...     0.000000       0.0       0.0       0.0       0.0  16.038002\n2      2.0   617.985962   340.399414  1001.521179   205.999252   227.033493  ...   305.202759       0.0       0.0       0.0       0.0  11.166651\n3      3.0   156.635544  1033.916748   399.276917   537.332397   662.201538  ...     0.000000       0.0       0.0       0.0       0.0  10.966899\n4      4.0    65.290894    80.129410    97.158005  1647.750610   846.330261  ...    17.934992       0.0       0.0       0.0       0.0   9.745873\n..     ...          ...          ...          ...          ...          ...  ...          ...       ...       ...       ...       ...        ...\n246  246.0   867.572876  7879.569824  1079.552124     1.920314  1756.641968  ...  3529.581055       0.0       0.0       0.0       0.0  50.672894\n247  247.0   470.658661  1024.681519   664.543274     9.373620  2206.829834  ...  3499.604004       0.0       0.0       0.0       0.0  11.183929\n248  248.0  1297.664307  6028.431641  1488.855713     0.000000  1394.524780  ...  3566.673340       0.0       0.0       0.0       0.0  45.446800\n249  249.0   536.036377  3272.302490   810.289368    11.934271  2077.527832  ...  3518.496582       0.0       0.0       0.0       0.0  23.873557\n250  250.0   831.216370  8184.102539  1101.934326     0.000000  1813.263672  ...  3569.761230       0.0       0.0       0.0       0.0  52.161010\n\n[251 rows x 14 columns]",
  "stratified_daily": "         day    S_group0     S_group1     S_group2    S_group3     I_group0  ...     I_group3  P_group0  P_group1  P_group2  P_group3        R_t\n0        0.0  836.615906   272.123840  1369.974365  477.146271     0.000000  ...     0.000000       0.0       0.0       0.0       0.0  15.239380\n1        1.0  838.474949   292.235325  1371.107492  476.171513     0.000000  ...     0.000000       0.0       0.0       0.0       0.0  15.353469\n2        2.0  840.333993   312.346810  1372.240618  475.196756     0.000000  ...     0.000000       0.0       0.0       0.0       0.0  15.467557\n3        3.0  842.193037   332.458296  1373.373744  474.221998     0.000000  ...     0.000000       0.0       0.0       0.0       0.0  15.581646\n4        4.0  844.052080   352.569781  1374.506871  473.247240     0.000000  ...     0.000000       0.0       0.0       0.0       0.0  15.695735\n...      ...         ...          ...          ...         ...          ...  ...          ...       ...       ...       ...       ...        ...\n1745  1745.0  620.373518  4675.673933   893.616499    8.524479  2002.023786  ...  3533.143624       0.0       0.0       0.0       0.0  31.955686\n1746  1746.0  662.542088  5377.359654   935.280064    6.819583  1964.271763  ...  3540.467146       0.0       0.0       0.0       0.0  35.996751\n1747  1747.0  704.710658  6079.045375   976.943630    5.114688  1926.519741  ...  3547.790667       0.0       0.0       0.0       0.0  40.037816\n1748  1748.0  746.879229  6780.731097  1018.607195    3.409792  1888.767718  ...  3555.114188       0.0       0.0       0.0       0.0  44.078881\n1749  1749.0  789.047799  7482.416818  1060.270761    1.704896  1851.015695  ...  3562.437709       0.0       0.0       0.0       0.0  48.119946\n\n[1750 rows x 14 columns]",
  "mixing_type": "hierarchical",
  "group_0_name": "group_0",
  "group_0_population_fraction": 0.26164961874164655,
  "group_0_contact_rate": 1.3201731885891255,
  "group_0_susceptibility": 0.7669927319356455,
  "group_0_infectivity": 1.0218138829996646,
  "group_1_name": "group_1",
  "group_1_population_fraction": 0.16548993691884195,
  "group_1_contact_rate": 1.8138667067537682,
  "group_1_susceptibility": 1.4483650120150053,
  "group_1_infectivity": 0.8541783952298166,
  "group_2_name": "group_2",
  "group_2_population_fraction": 0.42313772007280703,
  "group_2_contact_rate": 1.1368877995159665,
  "group_2_susceptibility": 1.0186848984775212,
  "group_2_infectivity": 0.8112898357416741,
  "group_3_name": "group_3",
  "group_3_population_fraction": 0.1497227242667044,
  "group_3_contact_rate": 1.5133975261131,
  "group_3_susceptibility": 1.3625805591222295,
  "group_3_infectivity": 1.1468606724921464
}